[
    {
        "_id": {
            "$oid": "6860a43dbb224dc67b134227"
        },
        "time_start": "9 AM",
        "time_end": "10 AM",
        "user": {
            "$oid": "6860a2bb1d876edbb63e81fa"
        },
        "lab": {
            "$oid": "686010751ac5fe0c7ec6270e"
        },
        "date": {
            "$date": "2025-08-10T00:00:00Z"
        },
        "anonymity": true,
        "status": "Scheduled",
        "createdAt": {
            "$date": "2025-06-29T02:26:05.545Z"
        },
        "updatedAt": {
            "$date": "2025-06-29T02:26:05.545Z"
        },
        "__v": 0
    },
    {
        "_id": {
            "$oid": "6860a6ebcd9bde78e6953972"
        },
        "time_start": "7 AM",
        "time_end": "3:30 PM",
        "user": {
            "$oid": "6860a2bb1d876edbb63e81f9"
        },
        "lab": {
            "$oid": "686011c9004cf3a3f2247d5b"
        },
        "date": {
            "$date": "2025-07-30T00:00:00Z"
        },
        "anonymity": true,
        "status": "Scheduled",
        "__v": 0,
        "createdAt": {
            "$date": "2025-06-29T02:37:32.001Z"
        },
        "updatedAt": {
            "$date": "2025-06-29T02:37:32.001Z"
        }
    },
    {
        "_id": {
            "$oid": "6860a6ebcd9bde78e695396f"
        },
        "time_start": "2 PM",
        "time_end": "3:30 PM",
        "user": {
            "$oid": "686016213f580f80ec4984bc"
        },
        "lab": {
            "$oid": "686010751ac5fe0c7ec6270e"
        },
        "date": {
            "$date": "2025-07-10T00:00:00Z"
        },
        "anonymity": true,
        "status": "Scheduled",
        "__v": 0,
        "createdAt": {
            "$date": "2025-06-29T02:37:32Z"
        },
        "updatedAt": {
            "$date": "2025-06-29T02:37:32Z"
        }
    },
    {
        "_id": {
            "$oid": "6860a6ebcd9bde78e6953970"
        },
        "time_start": "5 PM",
        "time_end": "7 PM",
        "user": {
            "$oid": "6860a12de85f16a79168b642"
        },
        "lab": {
            "$oid": "686011c9004cf3a3f2247d58"
        },
        "date": {
            "$date": "2025-07-10T00:00:00Z"
        },
        "anonymity": true,
        "status": "Scheduled",
        "__v": 0,
        "createdAt": {
            "$date": "2025-06-29T02:37:32.001Z"
        },
        "updatedAt": {
            "$date": "2025-06-29T02:37:32.001Z"
        }
    },
    {
        "_id": {
            "$oid": "6860a6ebcd9bde78e6953971"
        },
        "time_start": "10 AM",
        "time_end": "1 PM",
        "user": {
            "$oid": "6860a2bb1d876edbb63e81f8"
        },
        "lab": {
            "$oid": "686011c9004cf3a3f2247d5a"
        },
        "date": {
            "$date": "2025-07-21T00:00:00Z"
        },
        "anonymity": true,
        "status": "Scheduled",
        "__v": 0,
        "createdAt": {
            "$date": "2025-06-29T02:37:32.001Z"
        },
        "updatedAt": {
            "$date": "2025-06-29T02:37:32.001Z"
        }
    },
    {
        "_id": {
            "$oid": "6860a8d1430e0058b7c4347b"
        },
        "time_start": "2 PM",
        "time_end": "3:30 PM",
        "user": {
            "$oid": "686016213f580f80ec4984bc"
        },
        "lab": {
            "$oid": "686010751ac5fe0c7ec6270e"
        },
        "date": {
            "$date": "2025-07-10T00:00:00Z"
        },
        "anonymity": true,
        "status": "Scheduled",
        "__v": 0,
        "createdAt": {
            "$date": "2025-06-29T02:45:37.332Z"
        },
        "updatedAt": {
            "$date": "2025-06-29T02:45:37.332Z"
        }
    },
    {
        "_id": {
            "$oid": "6860a8d1430e0058b7c4347d"
        },
        "time_start": "10 AM",
        "time_end": "1 PM",
        "user": {
            "$oid": "6860a2bb1d876edbb63e81f8"
        },
        "lab": {
            "$oid": "686011c9004cf3a3f2247d5a"
        },
        "date": {
            "$date": "2025-07-21T00:00:00Z"
        },
        "anonymity": true,
        "status": "Scheduled",
        "__v": 0,
        "createdAt": {
            "$date": "2025-06-29T02:45:37.333Z"
        },
        "updatedAt": {
            "$date": "2025-06-29T02:45:37.333Z"
        }
    },
    {
        "_id": {
            "$oid": "6860a8d1430e0058b7c4347e"
        },
        "time_start": "7 AM",
        "time_end": "3:30 PM",
        "user": {
            "$oid": "6860a2bb1d876edbb63e81f9"
        },
        "lab": {
            "$oid": "686011c9004cf3a3f2247d5b"
        },
        "date": {
            "$date": "2025-07-30T00:00:00Z"
        },
        "anonymity": true,
        "status": "Scheduled",
        "__v": 0,
        "createdAt": {
            "$date": "2025-06-29T02:45:37.333Z"
        },
        "updatedAt": {
            "$date": "2025-06-29T02:45:37.333Z"
        }
    },
    {
        "_id": {
            "$oid": "6860a8d1430e0058b7c4347c"
        },
        "time_start": "5 PM",
        "time_end": "7 PM",
        "user": {
            "$oid": "6860a12de85f16a79168b642"
        },
        "lab": {
            "$oid": "686011c9004cf3a3f2247d58"
        },
        "date": {
            "$date": "2025-07-10T00:00:00Z"
        },
        "anonymity": true,
        "status": "Scheduled",
        "__v": 0,
        "createdAt": {
            "$date": "2025-06-29T02:45:37.333Z"
        },
        "updatedAt": {
            "$date": "2025-06-29T02:45:37.333Z"
        }
    }
]