[
    {
        "_id": {
            "$oid": "6860a96c8f4e58aa4e259053"
        },
        "time_start": "10 AM",
        "time_end": "12 NN",
        "technician": {
            "$oid": "6860a2bb1d876edbb63e81fb"
        },
        "lab": {
            "$oid": "686011c9004cf3a3f2247d59"
        },
        "date": {
            "$date": "2025-08-10T00:00:00Z"
        },
        "student": {
            "$oid": "6860a2bb1d876edbb63e81f9"
        },
        "status": "Scheduled",
        "createdAt": {
            "$date": "2025-06-29T02:48:12.759Z"
        },
        "updatedAt": {
            "$date": "2025-06-29T02:48:12.759Z"
        },
        "__v": 0
    },
    {
        "_id": {
            "$oid": "6860aba3288ef4432c7e7ec5"
        },
        "time_start": "11 AM",
        "time_end": "11:30 AM",
        "technician": {
            "$oid": "6860a2bb1d876edbb63e81fb"
        },
        "lab": {
            "$oid": "686011c9004cf3a3f2247d59"
        },
        "date": {
            "$date": "2025-08-09T00:00:00Z"
        },
        "student": {
            "$oid": "6860a12de85f16a79168b642"
        },
        "status": "Scheduled",
        "__v": 0,
        "createdAt": {
            "$date": "2025-06-29T02:57:39.379Z"
        },
        "updatedAt": {
            "$date": "2025-06-29T02:57:39.379Z"
        }
    },
    {
        "_id": {
            "$oid": "6860aba3288ef4432c7e7ec6"
        },
        "time_start": "3 PM",
        "time_end": "3:30 PM",
        "technician": {
            "$oid": "6860a2bb1d876edbb63e81fb"
        },
        "lab": {
            "$oid": "686011c9004cf3a3f2247d5a"
        },
        "date": {
            "$date": "2025-07-09T00:00:00Z"
        },
        "student": {
            "$oid": "6860a12de85f16a79168b642"
        },
        "status": "Scheduled",
        "__v": 0,
        "createdAt": {
            "$date": "2025-06-29T02:57:39.379Z"
        },
        "updatedAt": {
            "$date": "2025-06-29T02:57:39.379Z"
        }
    },
    {
        "_id": {
            "$oid": "6860aba3288ef4432c7e7ec7"
        },
        "time_start": "4 PM",
        "time_end": "6 PM",
        "technician": {
            "$oid": "6860a2bb1d876edbb63e81fb"
        },
        "lab": {
            "$oid": "686011c9004cf3a3f2247d58"
        },
        "date": {
            "$date": "2025-08-03T00:00:00Z"
        },
        "student": {
            "$oid": "6860a2bb1d876edbb63e81fa"
        },
        "status": "Scheduled",
        "__v": 0,
        "createdAt": {
            "$date": "2025-06-29T02:57:39.379Z"
        },
        "updatedAt": {
            "$date": "2025-06-29T02:57:39.379Z"
        }
    },
    {
        "_id": {
            "$oid": "6860aba3288ef4432c7e7ec8"
        },
        "time_start": "10 AM",
        "time_end": "11:30 AM",
        "technician": {
            "$oid": "6860a2bb1d876edbb63e81fb"
        },
        "lab": {
            "$oid": "686010751ac5fe0c7ec6270e"
        },
        "date": {
            "$date": "2025-07-21T00:00:00Z"
        },
        "student": {
            "$oid": "6860a2bb1d876edbb63e81f8"
        },
        "status": "Scheduled",
        "__v": 0,
        "createdAt": {
            "$date": "2025-06-29T02:57:39.379Z"
        },
        "updatedAt": {
            "$date": "2025-06-29T02:57:39.379Z"
        }
    }
]