[
    {
        "_id": {
            "$oid": "6860218e0a773a4fc36768ca"
        },
        "reservation": {
            "$oid": "6860aba3288ef4432c7e7ec7"
        },
        "row": 4,
        "column": 4,
        "__v": 0
    },
    {
        "_id": {
            "$oid": "6860224696ab9fe58ab1bc71"
        },
        "reservation": {
            "$oid": "6860aba3288ef4432c7e7ec5"
        },
        "row": 4,
        "column": 4,
        "__v": 0
    },
    {
        "_id": {
            "$oid": "6860224696ab9fe58ab1bc70"
        },
        "reservation": {
            "$oid": "6860aba3288ef4432c7e7ec8"
        },
        "row": 3,
        "column": 1,
        "__v": 0
    },
    {
        "_id": {
            "$oid": "6860224696ab9fe58ab1bc6e"
        },
        "reservation": {
            "$oid": "6860aba3288ef4432c7e7ec7"
        },
        "row": 4,
        "column": 5,
        "__v": 0
    },
    {
        "_id": {
            "$oid": "6860224696ab9fe58ab1bc6f"
        },
        "reservation": {
            "$oid": "6860a96c8f4e58aa4e259053"
        },
        "row": 2,
        "column": 2,
        "__v": 0
    }
]